"Star Name","RA (J2000.0)","Dec (J2000.0)","Var. Type","Min Mag","Max Mag","Period (d)","High Priority","Categories"
"30 Cyg","20h 13m 18.0s","+46d 48m 56.4s","ACV:","4.8 V","4.8 V","2.9384","","type_cv"
"36 Dra","18h 13m 53.8s","+64d 23m 50.2s","UV","5.0 V","5.0 V","","yes",""
"50 Cas","02h 03m 26.1s","+72d 25m 16.6s","ELL:","4.0 V","4.0 V","1.596778","","mid_period"
"AC Dra","20h 20m 6.0s","+68d 52m 49.1s","LB","5.9 V","5.7 V","36.6062","","mid_period"
"AF Dra","20h 31m 30.4s","+74d 57m 16.6s","ACV","5.2 V","5.2 V","20.2747","","mid_period"
"AF UMi","17h 00m 24.5s","+80d 36m 38.8s","RRAB","13.5 V","12.8 V","0.69112","","type_rr"
"alf And","00h 08m 23.3s","+29d 05m 25.6s","ACV","2.1 V","2.1 V","2.382","yes","mid_period"
"alf Cam","04h 54m 3.0s","+66d 20m 33.7s","VAR","4.3 V","4.3 V","0.08849","","short_period"
"alf Cas","00h 40m 30.5s","+56d 32m 14.5s","ROT:","2.2 V","2.2 V","2.4124","yes","mid_period"
"alf Cep","21h 18m 34.8s","+62d 35m 8.1s","DSCT","2.5 V","2.5 V","0.0498","yes","short_period"
"alf Cyg","20h 41m 25.9s","+45d 16m 49.2s","ACYG","1.3 V","1.2 V","","yes",""
"alf UMi","02h 31m 49.1s","+89d 15m 50.8s","DCEPS","2.0 V","2.0 V","3.97204","yes","mid_period"
"AQ Cep","08h 22m 43.9s","+86d 04m 51.8s","RRAB","13.3 V","12.2 V","0.6514463","","type_rr"
"AR Cas","23h 30m 1.9s","+58d 32m 56.1s","EA/DM","5.0 V","4.8 V","6.0663335","","type_ea"
"AR Cep","22h 51m 33.9s","+85d 02m 47.0s","SRB","7.9 V","7.0 V","364","","long_period"
"ASAS J001131+1939.6","00h 11m 30.8s","+19d 39m 36.7s","RRC|EC","9.9 V","9.7 V","0.295282","","type_rr"
"ASASSN-V J002356.47+424707.8","00h 23m 56.5s","+42d 47m 7.8s","NL","12.8 V","12.2 V","","","type_na"
"ASASSN-V J032835.37+823637.7","03h 28m 35.4s","+82d 36m 37.7s","RRC","12.3 V","12.1 V","0.261184","","type_rr"
"ASASSN-V J035631.69+792825.6","03h 56m 31.7s","+79d 28m 25.5s","RRC","12.4 V","12.3 V","0.21643","","type_rr"
"ASASSN-V J051325.51+794727.2","05h 13m 25.5s","+79d 47m 27.2s","RRC","11.0 V","10.9 V","0.453679","","type_rr"
"ASASSN-V J093011.08+851117.4","09h 30m 11.1s","+85d 11m 17.4s","SR","11.4 V","10.9 V","51.02","","type_m"
"ASASSN-V J113845.78+762254.2","11h 38m 45.8s","+76d 22m 54.1s","RRAB","13.9 V","13.3 V","0.593411","","type_rr"
"ASASSN-V J123646.29+791248.0","12h 36m 46.3s","+79d 12m 48.1s","SR","11.4 V","11.1 V","591","","type_m"
"ASASSN-V J124132.56+753250.0","12h 41m 32.6s","+75d 32m 50.0s","SR","11.3 V","11.1 V","45.25","","type_m"
"ASASSN-V J125607.09+700241.2","12h 56m 7.1s","+70d 02m 41.3s","SR","12.0 V","11.6 V","393","","type_m"
"ASASSN-V J131550.74+692949.4","13h 15m 50.7s","+69d 29m 49.5s","RRC","12.3 V","12.2 V","0.407811","","type_rr"
"ASASSN-V J150744.20+845707.4","15h 07m 44.1s","+84d 57m 7.5s","SR","11.5 V","10.6 V","51.46","","type_m"
"ASASSN-V J151240.67+692005.8","15h 12m 40.7s","+69d 20m 5.9s","SR","11.1 V","10.9 V","517","","long_period"
"ASASSN-V J152544.10+795959.7","15h 25m 44.1s","+79d 59m 59.7s","SR","11.6 V","11.3 V","67.31","","type_m"
"ASASSN-V J155152.00+712901.9","15h 51m 52.0s","+71d 29m 1.9s","SR","11.6 V","11.2 V","78.214937","","type_m"
"ASASSN-V J172936.67+652940.1","17h 29m 36.7s","+65d 29m 40.1s","RRC","14.0 V","13.9 V","0.400702","","type_rr"
"AW Cam","06h 47m 28.8s","+69d 37m 44.8s","EB/KE","8.7 V","8.2 V","0.7713468","","type_ea"
"AZ Cyg","20h 57m 59.4s","+46d 28m 0.6s","SRC","9.6 V","7.8 V","471","","type_src"
"AZ Dra","16h 40m 42.5s","+72d 40m 18.0s","SRB","7.4 V","6.8 V","357","","long_period"
"BB UMi","16h 11m 41.4s","+70d 47m 26.2s","SRA","11.2 V","10.8 V","50","","type_m"
"BC Cyg","20h 21m 38.5s","+37d 31m 59.0s","SRC","10.1 V","9.0 V","700","","type_src"
"BD Cam","03h 42m 9.3s","+63d 13m 0.5s","ZAND+SRS","5.4 V","5.0 V","24.76","","type_cv"
"BD UMi","15h 32m 57.5s","+70d 42m 15.8s","EA+GDOR","9.4 V","9.1 V","16.257","","type_ea"
"BE Cam","03h 49m 31.3s","+65d 31m 33.5s","LC","4.6 V","4.3 V","","","type_lc"
"bet And","01h 09m 43.9s","+35d 37m 14.0s","LB","2.1 V","2.0 V","","yes","type_lc"
"bet Cas","00h 09m 10.7s","+59d 08m 59.2s","DSCTC","2.3 V","2.3 V","0.101036676","yes","short_period"
"bet Cep","21h 28m 39.6s","+70d 33m 38.6s","BCEP","3.3 V","3.2 V","0.1904898","yes","short_period"
"bet Lyr","18h 50m 4.8s","+33d 21m 45.6s","DPV:/EB","4.3 V","3.3 V","12.944","yes","famous|mid_period"
"bet Peg","23h 03m 46.5s","+28d 04m 58.0s","SR","2.7 V","2.3 V","43.3","yes","mid_period"
"bet Per","03h 08m 10.1s","+40d 57m 20.4s","EA/SD","3.3 V","2.1 V","2.867343","yes","famous|mid_period"
"bet UMi","14h 50m 42.3s","+74d 09m 19.8s","ORG:","2.1 V","2.1 V","14.83","yes","mid_period"
"BF Cyg","19h 23m 53.5s","+29d 40m 29.2s","ZAND","13.5 V","9.1 V","755","yes","famous|long_period"
"BG Tri","01h 44m 47.6s","+32d 32m 59.9s","NL/VY","13.7 V","11.5 V","","","type_na"
"BH Cam","05h 55m 2.4s","+64d 58m 42.5s","LB","2.5 V","2.4 V","","","type_lc"
"BN Cam","05h 12m 22.5s","+73d 56m 48.0s","ACV","5.5 V","5.4 V","2.73475","","mid_period"
"BU Gem","06h 12m 19.1s","+22d 54m 30.7s","SRC","7.4 V","5.7 V","460","","type_src"
"CE Tau","05h 32m 12.7s","+18d 35m 39.3s","SRC","4.6 V","4.2 V","","","type_src"
"CN Cam","11h 36m 11.8s","+81d 17m 37.1s","RRAB/BL","9.9 V","9.5 V","0.6214465","","type_rr"
"CN Dra","19h 46m 44.7s","+68d 26m 16.8s","DSCTC","6.4 V","6.3 V","0.1","","short_period"
"CO Aur","06h 00m 28.5s","+35d 18m 43.8s","DCEPS(B)","8.1 V","7.5 V","1.7841","","type_cep"
"CO Cam","12h 12m 11.9s","+77d 36m 58.5s","EB","5.2 V","5.1 V","1.27095","","mid_period"
"CQ Cam","03h 24m 40.6s","+64d 35m 9.6s","LC","5.3 V","5.1 V","","","type_lc"
"CQ Dra","12h 30m 6.7s","+69d 12m 4.0s","ZAND:","5.1 V","4.9 V","1703","yes","long_period"
"CS Cam","03h 29m 4.1s","+59d 56m 25.2s","ACYG","4.3 V","4.2 V","26.76","","mid_period"
"CzeV1713","21h 28m 5.4s","+65d 53m 49.6s","SR","9.2 V","8.2 V","","","type_m"
"CzeV3433","20h 12m 16.8s","+52d 17m 4.7s","SR","8.7 V","8.7 V","11.9","","type_m"
"DD Dra","18h 44m 4.6s","+60d 46m 12.7s","RRC","11.0 V","10.5 V","0.326835","","type_rr"
"DD Lac","22h 41m 28.7s","+40d 13m 31.6s","BCEP+SPB","5.3 V","5.2 V","0.1930924","","type_cep"
"DE Dra","20h 19m 36.7s","+62d 15m 26.9s","EA/DM","5.9 V","5.7 V","5.298036","","type_ea"
"del Cas","01h 25m 49.0s","+60d 14m 7.0s","EA:","2.8 V","2.7 V","759","","long_period"
"del Cep","22h 29m 10.3s","+58d 24m 54.7s","DCEP","4.4 V","3.5 V","5.36629","yes","mid_period"
"del Dra","19h 12m 33.3s","+67d 39m 41.5s","ORG","3.1 V","3.1 V","","yes",""
"DI Cam","04h 28m 42.1s","+79d 42m 6.9s","EA","8.1 V","7.8 V","4.1659","","type_ea"
"DI Dra","10h 21m 16.0s","+78d 45m 51.5s","ACV","8.2 V","8.2 V","18","","type_cv"
"DK Cam","04h 27m 3.5s","+71d 46m 52.9s","EA+SPB","7.8 V","7.6 V","17.1052","","type_ea"
"DK Dra","12h 15m 41.5s","+72d 33m 4.3s","RS","6.5 V","6.3 V","63.15","","mid_period"
"DK UMa","09h 34m 28.9s","+69d 49m 49.2s","RS:","4.6 V","4.6 V","0.9202","","short_period"
"DL UMa","09h 36m 40.9s","+69d 38m 11.8s","DSCT","7.2 V","7.2 V","0.0954843","","short_period"
"DM Cep","22h 08m 16.4s","+72d 46m 6.7s","SRB","7.4 V","7.0 V","367","","long_period"
"DN Cam","04h 42m 46.2s","+72d 58m 41.9s","EW","8.7 V","8.2 V","0.4983104","","type_ea"
"DR Dra","17h 32m 41.2s","+74d 13m 38.5s","RS","6.7 V","6.5 V","26.74","","mid_period"
"EE Dra","18h 58m 52.6s","+69d 31m 52.6s","ACV","5.9 V","5.8 V","1.1232524","","mid_period"
"EI Cam","06h 02m 16.3s","+66d 53m 58.9s","LB:","7.2 V","7.1 V","16.01","","type_lc"
"EN Lac","22h 56m 23.6s","+41d 36m 13.9s","EA+BCEP","5.7 V","5.6 V","12.09684","","type_cep"
"EN UMa","10h 21m 3.3s","+68d 44m 51.5s","DSCT","5.9 V","5.8 V","0.155476","","short_period"
"eps Cep","22h 15m 2.2s","+57d 02m 36.9s","DSCTC","4.2 V","4.2 V","0.041242","","short_period"
"eps UMi","16h 45m 58.3s","+82d 02m 14.2s","EA/D/RS","4.2 V","4.2 V","39.4809","yes","mid_period"
"eta Aql","19h 52m 28.4s","+01d 00m 20.4s","DCEP","4.3 V","3.5 V","7.17679","yes","famous|mid_period"
"eta Cep","20h 45m 17.4s","+61d 50m 19.6s","ORG","3.4 V","3.4 V","","yes",""
"eta Per","02h 50m 41.8s","+55d 53m 43.8s","LC","3.8 V","3.7 V","","","type_lc"
"eta UMi","16h 17m 30.3s","+75d 45m 19.2s","EA","5.0 V","5.0 V","2.218935","yes","mid_period"
"EV Cam","07h 21m 50.7s","+75d 05m 22.3s","ACV:","7.0 V","7.0 V","1.79667","","type_cv"
"EW Cam","07h 27m 28.0s","+72d 42m 12.5s","RRAB","9.7 V","9.2 V","0.628408","","type_rr"
"EZ Cep","03h 58m 5.4s","+81d 14m 23.0s","RRAB","13.0 V","12.2 V","0.37898","","type_rr"
"f 2 Cyg","21h 06m 36.1s","+47d 38m 54.3s","LC","4.6 V","4.5 V","","","type_lc"
"FF Cep","08h 26m 50.5s","+85d 07m 2.1s","SRA","11.2 V","10.3 V","185","","type_m"
"FF Dra","10h 51m 33.4s","+75d 11m 27.9s","LB","8.9 V","8.7 V","","","type_lc"
"FG Dra","10h 57m 27.6s","+74d 20m 10.8s","LB","7.7 V","7.4 V","","","type_lc"
"FH Cam","07h 57m 39.8s","+77d 34m 35.1s","DSCT","7.0 V","6.9 V","0.13622","","short_period"
"FL Cam","08h 50m 46.6s","+78d 09m 54.5s","LB","7.3 V","7.0 V","35.68","","type_lc"
"FL Dra","13h 02m 4.2s","+68d 13m 55.3s","LB","10.1 V","9.8 V","388","","long_period"
"FN Cam","09h 22m 58.0s","+77d 13m 10.9s","EW","9.0 V","8.5 V","0.677136","","type_ea"
"FP Cam","11h 32m 52.4s","+79d 54m 59.8s","LB:","8.3 V","8.2 V","43.5276","","type_lc"
"FR Cam","12h 00m 18.6s","+80d 51m 11.5s","LB","6.4 V","6.2 V","78","","mid_period"
"FS Cam","14h 05m 38.6s","+81d 36m 23.8s","LB","9.0 V","8.8 V","","","type_lc"
"FX UMa","09h 06m 22.4s","+68d 26m 42.5s","EA","7.3 V","7.1 V","4.507176","","type_ea"
"FZ Per","02h 20m 59.6s","+57d 09m 30.0s","SRC","8.4 V","7.5 V","184","","type_src"
"FZ UMa","09h 09m 5.1s","+69d 12m 38.7s","LB","7.6 V","7.4 V","","","type_lc"
"Gaia DR3 1021936482527318912","09h 51m 58.0s","+55d 43m 32.4s","BCEP","10.2 V","10.1 V","","","type_cep"
"Gaia DR3 1074950603891659392","11h 57m 45.2s","+72d 59m 58.6s","ACV|ROAM|ROAP|SXARI","8.8 V","8.7 V","","","type_cv"
"Gaia DR3 1128516611372933376","10h 49m 7.5s","+76d 51m 51.4s","ACV|ROAM|ROAP|SXARI","8.9 V","8.8 V","","","type_cv"
"Gaia DR3 1131784806608417536","09h 37m 6.0s","+78d 31m 17.8s","SR|M","9.4 V","9.2 V","42.03","","type_m"
"Gaia DR3 1132166165344491520","09h 42m 20.5s","+78d 49m 41.7s","ACV|ROAM|ROAP|SXARI","8.2 V","8.1 V","","","type_cv"
"Gaia DR3 1134534444671130624","11h 51m 13.7s","+82d 39m 57.2s","ACV|ROAM|ROAP|SXARI","8.6 V","8.5 V","","","type_cv"
"Gaia DR3 1147409657113966592","09h 48m 42.3s","+83d 44m 29.8s","ACV|ROAM|ROAP|SXARI","8.9 V","8.9 V","","","type_cv"
"Gaia DR3 1152899651813254528","09h 46m 20.2s","+89d 34m 9.9s","ACV|ROAM|ROAP|SXARI","9.0 V","9.0 V","","","type_cv"
"Gaia DR3 1647756923141966720","15h 52m 40.9s","+69d 33m 25.4s","ACV|ROAM|ROAP|SXARI","9.0 V","9.0 V","","","type_cv"
"Gaia DR3 1649916192180584320","16h 38m 31.6s","+70d 11m 10.2s","L","8.4 V","8.2 V","","","type_lc"
"Gaia DR3 1650991136594944384","17h 16m 37.6s","+71d 36m 6.1s","ACV|ROAM|ROAP|SXARI","8.9 V","8.8 V","","","type_cv"
"Gaia DR3 1652094049837118080","17h 13m 27.8s","+72d 45m 13.0s","ACV|ROAM|ROAP|SXARI","8.7 V","8.7 V","","","type_cv"
"Gaia DR3 1656365480712839168","17h 10m 49.2s","+75d 05m 52.2s","ACV|ROAM|ROAP|SXARI","8.2 V","8.1 V","","","type_cv"
"Gaia DR3 1656754192432536832","17h 16m 58.8s","+76d 31m 52.2s","L","8.3 V","8.1 V","","","type_lc"
"Gaia DR3 1683836984889601792","12h 22m 27.1s","+70d 04m 18.5s","L","8.6 V","8.4 V","","","type_lc"
"Gaia DR3 1685887402277861632","12h 55m 4.8s","+69d 55m 40.5s","ACV|ROAM|ROAP|SXARI","8.8 V","8.7 V","","","type_cv"
"Gaia DR3 1687436884743090048","13h 51m 46.5s","+72d 57m 58.0s","L","9.3 V","9.1 V","","","type_lc"
"Gaia DR3 1691969621428898688","12h 44m 24.2s","+74d 59m 52.3s","ACV|ROAM|ROAP|SXARI","8.6 V","8.5 V","","","type_cv"
"Gaia DR3 1695482320562101248","14h 58m 21.7s","+71d 08m 26.8s","ACV|ROAM|ROAP|SXARI","8.4 V","8.4 V","","","type_cv"
"Gaia DR3 1703310366610783744","16h 17m 56.5s","+75d 39m 34.8s","ACV|ROAM|ROAP|SXARI","9.0 V","9.0 V","","","type_cv"
"Gaia DR3 1706990397669373056","15h 38m 34.7s","+76d 27m 3.7s","ACV|ROAM|ROAP|SXARI","9.1 V","9.1 V","","","type_cv"
"Gaia DR3 1708013115281718656","15h 17m 20.3s","+77d 11m 9.6s","ACV|ROAM|ROAP|SXARI","8.3 V","8.2 V","","","type_cv"
"Gaia DR3 1715203268492578560","13h 55m 49.9s","+78d 41m 41.7s","ACV|ROAM|ROAP|SXARI","8.2 V","8.1 V","","","type_cv"
"Gaia DR3 1723258840433409664","17h 16m 44.0s","+83d 42m 1.2s","ACV|ROAM|ROAP|SXARI","8.3 V","8.3 V","","","type_cv"
"Gaia DR3 1724899449221188480","13h 56m 34.8s","+81d 36m 50.8s","ACV|ROAM|ROAP|SXARI","8.6 V","8.5 V","","","type_cv"
"Gaia DR3 1726310981632983680","12h 26m 11.1s","+83d 52m 30.9s","L","8.4 V","8.2 V","","","type_lc"
"Gaia DR3 1727129705478571008","12h 00m 10.4s","+86d 59m 39.9s","ACV|ROAM|ROAP|SXARI","8.1 V","8.1 V","","","type_cv"
"Gaia DR3 1727424889991259648","14h 41m 57.7s","+85d 17m 42.1s","ACV|ROAM|ROAP|SXARI","8.8 V","8.7 V","","","type_cv"
"Gaia DR3 2161056573585403648","18h 05m 38.2s","+64d 01m 52.0s","ACV|ROAM|ROAP|SXARI","8.9 V","8.9 V","","","type_cv"
"Gaia DR3 2192902278618908288","21h 20m 50.7s","+61d 37m 31.2s","SR|M","8.2 V","8.1 V","39.75","","type_m"
"Gaia DR3 2236483998966267264","20h 06m 38.8s","+59d 20m 59.8s","SR|M","8.8 V","8.6 V","44.93","","type_m"
"Gaia DR3 2240249860649443968","19h 26m 55.0s","+62d 25m 34.5s","SR|M","8.5 V","8.0 V","471.3","","long_period"
"Gaia DR3 2240520581028256384","19h 21m 55.0s","+63d 06m 5.5s","ACV|ROAM|ROAP|SXARI","8.6 V","8.5 V","","","type_cv"
"Gaia DR3 2248891884605910144","19h 43m 19.7s","+67d 10m 6.7s","SR|M","8.6 V","8.3 V","46.84","","type_m"
"Gaia DR3 2252937984316359936","18h 56m 52.6s","+62d 19m 49.0s","SR|M","8.7 V","8.3 V","399.2","","long_period"
"Gaia DR3 2259773682465001728","18h 13m 35.7s","+68d 38m 20.3s","ACV|ROAM|ROAP|SXARI","8.7 V","8.7 V","","","type_cv"
"Gaia DR3 2261921887668444416","19h 22m 1.6s","+70d 36m 49.6s","ACV|ROAM|ROAP|SXARI","8.7 V","8.2 V","","","type_cv"
"Gaia DR3 2265646964343386624","18h 36m 40.7s","+70d 52m 59.8s","SR|M","8.5 V","8.3 V","42.75","","type_m"
"Gaia DR3 2269511060520205312","18h 27m 21.2s","+77d 08m 4.5s","ACV|ROAM|ROAP|SXARI","8.1 V","8.1 V","","","type_cv"
"Gaia DR3 429341153012514176","00h 01m 38.6s","+60d 26m 59.7s","BCEP","8.4 V","8.4 V","","","type_cep"
"Gaia DR3 455547222379746176","02h 23m 11.7s","+54d 00m 19.7s","SR|M","8.9 V","8.7 V","147.8","","type_m"
"Gaia DR3 469648081051557376","04h 00m 23.3s","+56d 54m 5.8s","BCEP","9.1 V","9.1 V","0.1358627","","type_cep"
"Gaia DR3 496536706623585280","04h 26m 17.5s","+68d 19m 14.1s","SR|M","8.6 V","8.4 V","37.51","","type_m"
"Gaia DR3 554974581408314112","04h 22m 7.0s","+79d 00m 2.7s","ACV|ROAM|ROAP|SXARI","8.2 V","8.1 V","","","type_cv"
"Gaia DR3 571291952439509504","04h 03m 11.9s","+84d 39m 53.7s","ACV|ROAM|ROAP|SXARI","8.7 V","8.6 V","","","type_cv"
"Galati V24","05h 22m 33.5s","+79d 13m 52.1s","DSCT","5.1 V","5.1 V","0.047038","","short_period"
"gam Cam","03h 50m 21.5s","+71d 19m 56.2s","ELL:+EW:","4.6 V","4.6 V","2.7388","","type_ea"
"gam Cas","00h 56m 42.5s","+60d 43m 0.3s","GCAS+X+LERI:","3.0 V","1.6 V","1.21598","yes","mid_period"
"gam Cep","23h 39m 20.9s","+77d 37m 56.5s","ORG","3.2 V","3.2 V","","yes",""
"gam Peg","00h 13m 14.2s","+15d 11m 1.0s","BCEP+SPB","2.9 V","2.8 V","0.151751","","short_period"
"gam Per","03h 04m 47.8s","+53d 30m 23.2s","EA/GS","3.2 V","2.9 V","5329.1","","long_period"
"gam UMi","15h 20m 43.7s","+71d 50m 2.5s","DSCTC","3.1 V","3.0 V","0.143009","yes","short_period"
"GK Cep","21h 30m 59.2s","+70d 49m 23.6s","EB/KE","7.4 V","6.9 V","0.93616454","","type_ea"
"GK Dra","16h 45m 41.2s","+68d 15m 30.8s","EA+DSCT","9.2 V","8.8 V","9.9742","","type_ea"
"GK Per","03h 31m 12.0s","+43d 54m 15.5s","NA/DQ+UG","14.0 V","0.2 V","1.996803","","type_na"
"GN And","00h 30m 7.4s","+29d 45m 5.6s","DSCTC","5.3 V","5.2 V","0.069304115","","short_period"
"GN Dra","17h 21m 1.3s","+66d 27m 22.0s","SRB","10.1 V","9.1 V","154","","long_period"
"GO And","00h 50m 18.3s","+45d 00m 8.1s","ACV","6.2 V","6.1 V","2.5481","","type_cv"
"GP Dra","17h 23m 15.5s","+71d 52m 11.8s","LB","7.0 V","6.8 V","","","type_lc"
"GSC 03858-00620","14h 07m 35.9s","+58d 20m 45.8s","CWA","12.7 V","12.5 V","8.1392","","type_cep"
"GSC 04230-00922","19h 40m 26.0s","+61d 24m 59.9s","SR","10.3 V","10.1 V","52","","type_m"
"GSC 04352-00819","05h 51m 12.8s","+72d 43m 55.6s","SR","9.5 V","9.1 V","90","","type_m"
"GSC 04411-01340","15h 06m 35.1s","+69d 10m 7.0s","EW:","10.9 V","10.8 V","0.539","","type_ea"
"GSC 04415-01754","15h 55m 52.3s","+71d 13m 56.1s","EW","10.9 V","10.5 V","0.80868","","type_ea"
"GSC 04428-00643","17h 59m 41.1s","+68d 43m 49.3s","SR","10.1 V","9.6 V","62","","type_m"
"GSC 04437-00434","18h 08m 49.5s","+71d 34m 34.9s","L","8.0 V","7.5 V","","","type_lc"
"GSC 04634-01355","14h 51m 40.5s","+83d 56m 14.9s","RS","7.0 V","6.9 V","2.602","","mid_period"
"GU Cep","23h 10m 10.9s","+61d 14m 29.8s","SRC","10.2 V","9.6 V","","","type_src"
"GY And","01h 38m 31.8s","+45d 23m 59.0s","ACV","6.4 V","6.3 V","8000","","long_period"
"HD 112014","12h 49m 6.7s","+83d 25m 4.2s","ELL","5.8 V","5.8 V","3.2712","","mid_period"
"HD 149681","16h 25m 43.5s","+78d 57m 49.0s","DSCT","5.6 V","5.6 V","0.0505","yes","short_period"
"HD 153845","16h 52m 43.9s","+76d 51m 9.3s","PULS","7.4 V","7.3 V","0.106","","short_period"
"HD 188665","19h 53m 17.4s","+57d 31m 24.5s","VAR","5.1 V","5.1 V","0.727","yes","short_period"
"HD 19438","03h 13m 27.5s","+74d 17m 46.9s","EA","7.3 V","7.3 V","1.84652","","type_ea"
"HD 204770","21h 27m 46.2s","+66d 48m 32.9s","VAR","5.4 V","5.4 V","0.737","","short_period"
"HD 212454","22h 23m 0.2s","+57d 17m 4.6s","ACV","6.2 V","6.2 V","2.7042","","type_cv"
"HD 40055","06h 05m 9.4s","+75d 35m 9.3s","ORG|SRS","6.3 V","6.3 V","9.851","","mid_period"
"HD 45947","06h 37m 54.9s","+73d 41m 43.9s","GDOR","6.3 V","6.3 V","1.207915","","mid_period"
"HD 75544","08h 58m 22.7s","+78d 08m 44.7s","PULS","7.3 V","7.3 V","0.1092","","short_period"
"HIP 113116","22h 54m 25.0s","+84d 20m 46.3s","VAR","4.7 V","4.7 V","0.09392","","short_period"
"HIP 21247","04h 33m 30.7s","+72d 31m 43.0s","EA","5.9 V","5.9 V","4.19796","","mid_period"
"HIP 25653","05h 28m 48.0s","+78d 18m 1.4s","DSCT","6.7 V","6.7 V","0.1104","","short_period"
"HIP 30058","06h 19m 35.8s","+69d 34m 8.8s","VAR","6.8 V","6.8 V","0.12111","","short_period"
"HIP 61315","12h 33m 42.7s","+75d 12m 45.0s","VAR","7.0 V","7.0 V","467.28972","","long_period"
"HIP 7251","01h 33m 25.7s","+58d 19m 38.4s","LC:","5.7 V","5.7 V","","","type_lc"
"HIP 77211","15h 45m 53.1s","+82d 22m 12.3s","PULS","8.2 V","8.2 V","0.5707","","short_period"
"HIP 84047","17h 10m 56.8s","+66d 15m 26.3s","PULS","7.6 V","7.6 V","0.2751","","short_period"
"HIP 87385","17h 51m 24.9s","+74d 34m 8.7s","PULS","6.8 V","6.7 V","0.18954","","short_period"
"HIP 96164","19h 33m 10.1s","+60d 09m 31.3s","VAR","6.3 V","6.3 V","0.08519","","short_period"
"HL Aqr","22h 20m 26.9s","+02d 00m 53.3s","NL","14.0 V","13.1 V","0.13557","","type_na"
"HR Del","20h 42m 20.3s","+19d 09m 39.3s","NB","12.1 V","3.6 V","0.214165","","type_na"
"HS Dra","19h 12m 22.6s","+73d 53m 32.5s","LB","7.4 V","7.2 V","","","type_lc"
"HW Dra","19h 35m 24.2s","+69d 48m 19.7s","LB","7.0 V","6.8 V","","","type_lc"
"HW Peg","23h 33m 28.1s","+22d 29m 55.7s","SR","5.6 V","5.3 V","","","type_m"
"HZ Dra","19h 46m 2.5s","+69d 55m 9.0s","EA","8.3 V","8.2 V","0.772943","","type_ea"
"IM Cas","01h 32m 0.2s","+62d 19m 44.5s","SRC","8.7 V","8.0 V","323","","type_src"
"iot Cas","02h 29m 3.9s","+67d 24m 8.9s","ACV","4.5 V","4.5 V","1.7405","","mid_period"
"iot Cep","22h 49m 40.8s","+66d 12m 1.5s","ORG","3.5 V","3.5 V","","yes",""
"IPHAS J025827.88+635234.9","02h 58m 27.9s","+63d 52m 34.9s","NL+E","13.7 V","13.1 V","5.882274","","type_na"
"IR Cep","21h 57m 51.9s","+61d 01m 7.9s","DCEPS","8.0 V","7.6 V","2.114124","","type_cep"
"IRAS 19397+2234","19h 41m 53.2s","+22d 41m 36.6s","SRC","13.9 V","13.8 V","189.1031861","","type_src"
"IZ Peg","23h 28m 17.1s","+10d 54m 37.4s","M","6.4 V","1.7 V","486","","type_m"
"kap Cas","00h 32m 60.0s","+62d 55m 54.4s","ACYG","4.2 V","4.1 V","2.6469","","mid_period"
"kap Dra","12h 33m 28.9s","+69d 47m 17.6s","GCAS","4.0 V","3.8 V","","yes",""
"KELT KC01C17112","23h 24m 43.4s","+36d 21m 43.8s","EA+BCEP","7.0 V","7.0 V","2.547715","","type_cep"
"KK And","01h 34m 16.6s","+37d 14m 13.7s","ACV","5.9 V","5.9 V","0.6684","","type_cv"
"KK Per","02h 10m 15.8s","+56d 33m 32.6s","SRC","8.0 V","7.5 V","345","","type_src"
"KS Peg","23h 37m 56.8s","+18d 24m 2.4s","EB/KE","5.5 V","5.4 V","0.50210292","","type_ea"
"ksi Cyg","21h 04m 55.9s","+43d 55m 40.2s","LC","3.8 V","3.7 V","","yes","type_lc"
"KZ Cam","03h 38m 19.7s","+56d 55m 57.8s","ACV","6.3 V","6.3 V","2.9749","","type_cv"
"KZ Cep","22h 56m 30.9s","+62d 52m 7.0s","BCEP","7.8 V","7.7 V","0.24544","","type_cep"
"lam And","23h 37m 33.8s","+46d 27m 29.4s","RS","4.0 V","3.6 V","53.95","","mid_period"
"lam Dra","11h 31m 24.2s","+69d 19m 51.9s","SR","3.9 V","3.8 V","","yes","type_m"
"LANNING 302","03h 32m 7.7s","+54d 35m 31.0s","N:","14.0 V","14.0 V","","","type_na"
"LL Dra","12h 29m 37.4s","+68d 38m 7.7s","SR","9.5 V","9.4 V","","","type_m"
"LP Cam","04h 09m 40.4s","+62d 27m 11.6s","RRAB","11.8 V","11.1 V","0.57203","","type_rr"
"LZ Cep","22h 02m 4.6s","+58d 00m 1.3s","ELL","5.7 V","5.6 V","3.07038","","type_ea"
"MO Cep","22h 03m 53.0s","+63d 07m 11.7s","LB","5.3 V","5.1 V","","","type_lc"
"MU Cep","22h 23m 38.6s","+57d 40m 51.1s","DCEP","12.6 V","11.9 V","3.76782","yes","famous|mid_period"
"mu. Cep","21h 43m 30.5s","+58d 46m 48.1s","SRC","5.1 V","3.4 V","835","yes","long_period"
"MV Cam","08h 19m 47.2s","+77d 44m 32.1s","SRA","9.6 V","9.1 V","56","","type_m"
"NEV121","09h 48m 49.0s","+76d 18m 25.4s","RRC","13.3 V","12.8 V","0.2859504","","type_rr"
"NEV360","13h 41m 44.5s","+74d 19m 13.7s","EA","9.9 V","9.7 V","7.19898","","type_ea"
"NEV392","15h 19m 54.7s","+69d 25m 0.6s","EA+BY","10.6 V","10.5 V","8.26139","","type_ea"
"NEV84","09h 25m 7.3s","+71d 16m 49.3s","RRAB","13.8 V","13.0 V","0.769497","","type_rr"
"NO Aur","05h 40m 42.1s","+31d 55m 14.2s","SRC","6.5 V","6.0 V","102.1","","type_src"
"NSV 10749","18h 21m 3.4s","+72d 43m 58.3s","ROT:","3.6 V","3.6 V","","yes",""
"NSV 14130","22h 21m 1.6s","+46d 32m 11.7s","SPB","4.6 V","4.5 V","1.3082","","mid_period"
"NSV 14549","23h 24m 50.3s","+62d 16m 58.1s","LB","5.0 V","4.9 V","","","type_lc"
"NSV 1477","04h 16m 22.4s","+82d 27m 46.6s","SR","10.0 V","9.7 V","260.3","","type_m"
"NSV 15448","02h 12m 50.0s","+79d 41m 29.0s","DSCTC:","6.5 V","6.4 V","0.2133","","short_period"
"NSV 15564","02h 44m 49.7s","+67d 49m 28.7s","ELL","6.0 V","5.9 V","2.53638","","type_ea"
"NSV 15625","03h 06m 7.8s","+79d 25m 6.7s","LB","5.5 V","5.5 V","","","type_lc"
"NSV 15721","03h 37m 44.1s","+56d 44m 21.8s","SPB:","6.5 V","6.5 V","0.76205","","short_period"
"NSV 15881","04h 06m 3.2s","+68d 40m 48.0s","VAR","5.9 V","5.9 V","358.42294","","long_period"
"NSV 15899","04h 07m 44.1s","+62d 18m 4.0s","BCEP","9.6 V","9.6 V","0.09611475","","type_cep"
"NSV 16032","04h 31m 15.5s","+58d 45m 8.0s","N:","8.5 V","8.5 V","","","type_na"
"NSV 16174","04h 52m 5.2s","+63d 30m 19.4s","VAR","5.5 V","5.5 V","0.08778","","short_period"
"NSV 16208","05h 02m 19.8s","+74d 16m 9.8s","VAR","6.1 V","6.0 V","2.17372","","mid_period"
"NSV 16288","05h 24m 59.4s","+73d 42m 25.9s","VAR","6.5 V","6.5 V","383.14176","","long_period"
"NSV 16615","05h 43m 0.0s","+73d 59m 9.0s","PULS","6.8 V","6.8 V","0.088","","short_period"
"NSV 16837","06h 21m 4.5s","+13d 54m 28.5s","SRC","11.5 V","9.5 V","594","","type_src"
"NSV 18324","10h 05m 0.2s","+70d 13m 45.2s","EA","8.7 V","8.6 V","8.456864","","type_ea"
"NSV 18551","10h 55m 13.0s","+77d 05m 15.4s","VAR","6.8 V","6.8 V","0.08581","","short_period"
"NSV 19057","11h 57m 58.3s","+81d 15m 50.4s","VAR","9.4 V","9.3 V","177.61989","","long_period"
"NSV 19714","13h 17m 37.4s","+71d 14m 48.0s","PULS","7.8 V","7.8 V","0.2297","","short_period"
"NSV 1988","05h 27m 44.4s","+38d 58m 50.6s","SRC","10.1 V","9.7 V","","","type_src"
"NSV 20266","15h 09m 6.3s","+69d 39m 12.0s","PULS","7.1 V","7.1 V","0.09514","","short_period"
"NSV 20874","16h 54m 58.0s","+74d 28m 32.2s","L","7.6 V","7.5 V","","","type_lc"
"NSV 24445","18h 25m 10.1s","+64d 50m 18.2s","VAR","7.0 V","7.0 V","0.08828","","short_period"
"NSV 25779","21h 52m 0.4s","+55d 47m 31.1s","ACV","6.7 V","6.6 V","2.90555","","type_cv"
"NSV 25849","22h 10m 10.3s","+56d 05m 2.0s","ACV:","7.0 V","6.9 V","5.673","","type_cv"
"NSV 25855","22h 11m 35.6s","+55d 16m 4.4s","SRC","9.3 V","8.6 V","","","type_src"
"NSV 25875","22h 19m 27.5s","+59d 51m 21.7s","M:","6.5 V","4.6 V","","","type_m"
"NSV 26103","23h 33m 55.5s","+20d 50m 27.5s","SR","6.1 V","6.1 V","","","type_m"
"NSV 317","00h 50m 43.6s","+64d 14m 51.3s","EB","5.4 V","5.3 V","1.9165","","type_ea"
"NSV 319","00h 51m 16.4s","+61d 48m 19.8s","LC","6.1 V","6.0 V","","","type_lc"
"NSV 4344","09h 02m 32.7s","+67d 37m 46.6s","LB","4.8 V","4.7 V","","","type_lc"
"NSV 6254","13h 26m 8.1s","+72d 23m 29.3s","LB","5.8 V","5.8 V","","","type_lc"
"NSV 6593","14h 12m 4.0s","+69d 25m 57.0s","VAR","5.2 V","5.2 V","4.43184","yes","mid_period"
"NSV 985","02h 56m 24.7s","+64d 19m 56.8s","LC","6.3 V","6.2 V","","","type_lc"
"NSVS 1081882","16h 48m 49.6s","+69d 51m 28.7s","RRC","13.3 V","12.8 V","0.2809015","","type_rr"
"NSVS 1439692","23h 33m 59.2s","+76d 48m 54.7s","RR","10.7 V","10.4 V","0.61334328","","type_rr"
"NSVS 2342782","06h 48m 35.9s","+66d 39m 13.8s","CEP","11.0 V","10.7 V","15.30824325","","type_cep"
"NSVS 241630","01h 26m 3.8s","+69d 06m 34.7s","CEP","8.8 V","8.6 V","24.96151492","","type_cep"
"NSVS 2691589","13h 10m 9.2s","+61d 22m 5.7s","CEP","12.0 V","11.6 V","4.6415318","","type_cep"
"NSVS 2999671","18h 25m 25.8s","+62d 56m 24.1s","EB|EA","9.8 V","9.2 V","1.09920594","","type_ea"
"NSVS 3068415","19h 20m 42.8s","+57d 33m 9.7s","SR","9.4 V","8.8 V","","","type_m"
"NSVS 3078943","19h 34m 23.0s","+57d 50m 55.6s","CEP","11.5 V","11.2 V","21.69247847","","type_cep"
"NSVS 3127757","19h 39m 54.4s","+67d 54m 33.0s","RR","9.8 V","9.6 V","0.39336813","","type_rr"
"NSVS 517188","04h 02m 24.4s","+72d 08m 1.2s","CEP","10.2 V","9.9 V","52.04576348","","type_cep"
"NSVS 5725819","20h 18m 51.4s","+45d 21m 31.4s","RR","10.1 V","9.8 V","0.60556979","","type_rr"
"NSVS 658943","06h 09m 24.5s","+74d 22m 7.9s","LPV|CEP","9.3 V","9.1 V","13.56993602","","type_cep"
"NSVS 66874","02h 33m 8.2s","+84d 55m 21.7s","SR","9.8 V","9.6 V","36.6","","type_m"
"NSVS 693875","08h 13m 11.6s","+69d 10m 35.9s","RR","12.2 V","12.0 V","0.21034887","","type_rr"
"NSVS 698810","08h 46m 53.1s","+72d 23m 57.8s","RRAB","13.0 V","12.6 V","0.487238","","type_rr"
"NSVS 728956","09h 22m 7.5s","+77d 11m 47.0s","CEP","13.4 V","13.1 V","17.54403","","type_cep"
"NSVS 949798","13h 21m 28.7s","+82d 53m 33.1s","RR","12.2 V","11.9 V","0.58702059","","type_rr"
"NSVS 957925","13h 02m 51.0s","+68d 27m 52.6s","LPV|CEP","12.2 V","12.0 V","14.37889655","","type_cep"
"NSVS J0808106+715528","08h 08m 10.6s","+71d 55m 27.8s","MISC","8.8 V","8.3 V","133","","long_period"
"NSVS J0937339+695843","09h 37m 33.9s","+69d 58m 42.6s","L:","10.3 V","9.7 V","177","","long_period"
"NSVS J1011171+773254","10h 11m 17.1s","+77d 32m 53.9s","L:","10.0 V","9.6 V","226","","long_period"
"NSVS J1252503+713418","12h 52m 50.3s","+71d 34m 17.7s","MISC","8.9 V","8.3 V","133","","long_period"
"NSVS J1449521+782105","14h 49m 52.1s","+78d 21m 5.3s","L:","10.6 V","10.1 V","730","","long_period"
"NSVS J1500400+763638","15h 00m 40.0s","+76d 36m 38.0s","L:","11.3 V","10.6 V","588","","long_period"
"NSVS J1547061+711845","15h 47m 6.1s","+71d 18m 45.5s","L:","9.2 V","8.7 V","433","","long_period"
"NSVS J1615081+721056","16h 15m 8.1s","+72d 10m 56.3s","L:","9.6 V","9.1 V","80","","type_lc"
"NSVS J1618121+704508","16h 18m 12.1s","+70d 45m 8.0s","L:","9.5 V","9.2 V","309","","long_period"
"NSVS J1732304+755921","17h 32m 30.4s","+75d 59m 21.1s","L:","9.2 V","8.6 V","364","","long_period"
"NSVS J1736135+715243","17h 36m 13.4s","+71d 52m 42.1s","MISC","8.9 V","8.4 V","730","","long_period"
"nu. Cep","21h 45m 26.9s","+61d 07m 14.9s","ACYG","4.3 V","4.3 V","90","","mid_period"
"NY Dra","11h 35m 10.4s","+75d 05m 46.8s","SR","11.5 V","11.1 V","45.3","","type_m"
"ome Dra","17h 36m 57.1s","+68d 45m 28.7s","ROT","4.8 V","4.8 V","5.302","yes","mid_period"
"omi Cet","02h 19m 20.8s","-02d 58m 39.5s","M","10.1 V","2.0 V","331.3","","famous|long_period"
"omi Dra","18h 51m 12.1s","+59d 23m 18.1s","EA/RS","4.7 V","4.6 V","138.3","yes","long_period"
"OR Dra","12h 00m 37.5s","+69d 11m 7.7s","DSCT","7.4 V","7.4 V","0.112829","","short_period"
"OU Cep","03h 11m 58.3s","+83d 34m 45.9s","SR","9.6 V","8.5 V","119","","type_m"
"OV Cep","07h 40m 30.5s","+87d 01m 12.3s","SRS:","5.1 V","5.0 V","28.3","","mid_period"
"OW Dra","13h 03m 31.1s","+71d 06m 44.0s","RRC","10.7 V","10.4 V","0.33297","","type_rr"
"phi Dra","18h 20m 45.4s","+71d 20m 16.1s","ACV","4.2 V","4.2 V","1.71646","yes","mid_period"
"phi Per","01h 43m 39.6s","+50d 41m 19.4s","GCAS","4.2 V","4.0 V","19.5","","mid_period"
"pi Cas","00h 43m 28.1s","+47d 01m 28.4s","ELL","5.0 V","4.9 V","1.96422","","type_ea"
"PMAK V49","03h 33m 39.1s","+54d 58m 29.5s","DSCT","6.0 V","6.0 V","0.031936","","short_period"
"PMAK V51","18h 31m 14.9s","+65d 26m 9.7s","EA","6.7 V","6.6 V","14.3647","","mid_period"
"PMAK V52","16h 57m 14.3s","+68d 34m 27.0s","EA","9.1 V","8.9 V","11.25949","","type_ea"
"PMAK V61","17h 36m 42.1s","+68d 22m 58.9s","EA","8.1 V","8.1 V","2.50555","","type_ea"
"PMAK V65","12h 28m 43.9s","+68d 55m 12.9s","EA","8.9 V","8.5 V","18.2902","","type_ea"
"PMAK V68","17h 37m 36.7s","+79d 12m 47.9s","EA","7.6 V","7.4 V","50.0767","","type_ea"
"PMAK V96","19h 00m 2.4s","+62d 44m 52.0s","EA","9.3 V","9.0 V","3.19602","","type_ea"
"PR Cep","21h 58m 1.3s","+56d 44m 49.4s","M","9.9 V","7.2 V","523","","type_m"
"psi 1 Aur","06h 24m 53.9s","+49d 17m 16.4s","SRC","5.7 V","4.5 V","175","","type_src"
"psi Peg","23h 57m 45.5s","+25d 08m 29.0s","SR","4.7 V","4.6 V","","","type_m"
"PY And","00h 36m 20.1s","+27d 15m 17.1s","ACV","6.0 V","6.0 V","4.6904","","type_cv"
"PZ And","02h 20m 58.2s","+50d 09m 5.3s","ACV","5.6 V","5.6 V","4.189","","type_cv"
"PZ Cas","23h 44m 3.3s","+61d 47m 22.2s","SRC","10.2 V","8.2 V","925","","type_src"
"R Cas","23h 58m 24.9s","+51d 23m 19.7s","M","13.5 V","4.7 V","430.6","yes","famous|long_period"
"R UMi","16h 29m 57.9s","+72d 16m 49.1s","SRA","11.2 V","8.5 V","324.6","","type_m"
"rho Cep","22h 29m 53.0s","+78d 49m 27.4s","DSCT","5.5 V","5.5 V","0.073863","","short_period"
"ROTSE1 J152710.47+322721.8","15h 27m 10.5s","+32d 27m 21.8s","CEP","12.8 V","12.6 V","66.16185","","type_cep"
"ROTSE1 J153515.59+351135.9","15h 35m 15.6s","+35d 11m 36.0s","CEP","11.2 V","11.0 V","22.6452503","","type_cep"
"ROTSE1 J155123.71+374231.8","15h 51m 23.7s","+37d 42m 31.8s","CEP","12.0 V","11.8 V","10.6865292","","type_cep"
"ROTSE1 J173342.04+541055.7","17h 33m 42.0s","+54d 10m 55.7s","CEP","11.7 V","11.5 V","39.1142349","","type_cep"
"RR Cam","05h 35m 27.2s","+72d 27m 57.6s","SRA","11.3 V","9.5 V","123.88","","type_m"
"RR Lyr","19h 25m 27.9s","+42d 47m 3.7s","RRAB/BL","8.1 V","7.2 V","0.566775","yes","famous|short_period"
"RS Dra","18h 37m 33.5s","+74d 19m 42.7s","SRA","12.0 V","9.0 V","282.72","","type_m"
"RU Cam","07h 21m 44.1s","+69d 40m 14.7s","CWA|SRS","9.1 V","8.1 V","21.75","","type_cep"
"RU Cas","01h 11m 41.4s","+65d 01m 7.9s","SPB","5.6 V","5.6 V","0.734304","","short_period"
"RU Peg","22h 14m 2.5s","+12d 42m 11.3s","UGSS+ZZ:","13.0 V","9.5 V","0.3746","yes","famous|short_period"
"RU UMi","13h 38m 56.8s","+69d 48m 11.2s","EB/DW","10.7 V","10.0 V","0.52492618","","type_ea"
"RW Cep","22h 23m 7.0s","+55d 57m 47.6s","YHG","7.6 V","6.0 V","346","","long_period"
"RW Cyg","20h 28m 50.6s","+39d 58m 54.4s","SRC","9.4 V","7.7 V","550","","type_src"
"RW Tau","04h 03m 54.3s","+28d 07m 33.5s","EA/SD","11.6 V","8.0 V","2.7687937","yes","famous|mid_period"
"RX Cam","04h 04m 58.5s","+58d 39m 35.2s","DCEP","8.1 V","7.3 V","7.912024","","type_cep"
"RX Cyg","20h 10m 49.6s","+47d 48m 47.2s","BCEP+SPB","8.2 V","8.2 V","0.102969","","type_cep"
"RY Cam","04h 30m 50.1s","+64d 26m 30.4s","SRB","8.7 V","7.7 V","135.75","","long_period"
"RY UMi","13h 38m 37.8s","+76d 04m 25.8s","LB","9.8 V","8.7 V","","","type_lc"
"RZ Cas","02h 48m 55.5s","+69d 38m 3.4s","EA+DSCT","7.7 V","6.2 V","1.19525556","","type_ea"
"RZ Cep","22h 39m 13.2s","+64d 51m 30.6s","RRC/BL:","9.7 V","9.2 V","0.30862741","","type_rr"
"S Cam","05h 41m 2.5s","+68d 47m 55.0s","SRA","11.6 V","7.7 V","327.26","","type_m"
"S UMi","15h 29m 34.6s","+78d 38m 0.3s","M","13.2 V","7.5 V","331","","type_m"
"sig Cyg","21h 17m 25.0s","+39d 23m 40.9s","ACYG","4.3 V","4.2 V","120.2","","long_period"
"SN 2007gr","02h 43m 28.0s","+37d 20m 44.7s","SN","12.9 V","12.9 V","","","type_na"
"SN 2008hy","03h 45m 8.5s","+76d 39m 55.5s","SN","14.0 V","14.0 V","","","type_na"
"SS Cyg","21h 42m 42.8s","+43d 35m 9.9s","UGSS","12.4 V","7.7 V","0.27513","yes","famous|short_period"
"ST Cam","04h 51m 13.4s","+68d 10m 7.6s","SRB","8.5 V","6.3 V","300","","long_period"
"SU Cas","02h 51m 58.7s","+68d 53m 18.6s","DCEPS","6.2 V","5.7 V","1.949319","","type_cep"
"SU Per","02h 22m 6.9s","+56d 36m 14.9s","SRC","8.7 V","7.2 V","533","","type_src"
"SV Cam","06h 41m 19.1s","+82d 16m 2.4s","EA/RS","10.0 V","9.1 V","0.593072","","type_ea"
"SV UMi","14h 01m 10.2s","+69d 41m 49.8s","LB:","9.5 V","9.3 V","","","type_lc"
"SW And","00h 23m 43.1s","+29d 24m 3.6s","RRAB/BL:","10.1 V","9.1 V","0.442262","","type_rr"
"SW Cep","21h 25m 45.9s","+62d 34m 26.4s","SRC","9.7 V","8.2 V","70","","type_src"
"SW Dra","12h 17m 46.6s","+69d 30m 38.2s","RRAB","10.9 V","9.9 V","0.5696714","","type_rr"
"SY Cam","06h 11m 21.5s","+80d 04m 26.2s","SRB","10.8 V","9.6 V","400","","long_period"
"SY UMi","14h 35m 47.5s","+79d 08m 28.0s","LB:","8.8 V","8.6 V","","","type_lc"
"SZ Cam","04h 07m 49.3s","+62d 19m 58.6s","EA+BCEP","7.2 V","6.9 V","2.6983845","","type_ea"
"T CrB","15h 59m 30.2s","+25d 55m 12.6s","NR+ELL","10.8 V","2.0 V","227.5528","","famous|type_na"
"T Cyg","20h 47m 10.8s","+34d 22m 26.8s","LB:","5.0 V","4.9 V","","yes","famous|type_lc"
"T Tau","04h 21m 59.4s","+19d 32m 6.5s","CTTS/ROT","13.5 V","9.3 V","2.81","","famous|mid_period"
"tau Per","02h 54m 15.5s","+52d 45m 44.9s","EA/GS","4.1 V","3.9 V","1515.81","","long_period"
"TIC 263599890","10h 34m 13.5s","+73d 50m 4.2s","DSCT","7.6 V","7.6 V","0.0802953","","short_period"
"TIC 402894425","20h 10m 56.9s","+68d 16m 20.0s","BCEP","6.8 V","6.8 V","0.135877","","type_cep"
"TT UMi","14h 55m 0.2s","+74d 52m 52.4s","SRB","7.0 V","6.9 V","25.1","","mid_period"
"TU Cas","00h 26m 19.4s","+51d 16m 49.3s","DCEP(B)","8.2 V","6.9 V","2.139298","","type_cep"
"TU Per","03h 09m 4.8s","+53d 11m 36.1s","RRAB","13.1 V","11.9 V","0.6070749","","type_rr"
"TU UMi","14h 55m 43.8s","+76d 18m 23.7s","EW","8.9 V","8.8 V","0.3773","","short_period"
"TV Psc","00h 28m 2.9s","+17d 53m 35.2s","SR","5.4 V","4.7 V","49.1","","type_m"
"TV UMi","15h 00m 59.7s","+73d 03m 11.5s","EB","8.7 V","8.6 V","0.41555","","short_period"
"TW UMi","15h 12m 50.9s","+75d 28m 16.2s","LB","8.1 V","7.9 V","","","type_lc"
"TY UMi","15h 17m 57.5s","+83d 51m 34.1s","EA","8.2 V","7.8 V","1.7248","","mid_period"
"TYC 546-1349-1","21h 34m 6.7s","+03d 34m 15.4s","NL","11.8 V","11.5 V","","","type_na"
"TZ UMi","15h 30m 0.2s","+70d 23m 10.2s","LB","8.6 V","8.4 V","","","type_lc"
"U Lac","22h 47m 43.4s","+55d 09m 30.3s","SRC","10.2 V","8.1 V","432","","type_src"
"ups 2 Cas","00h 56m 39.9s","+59d 10m 51.8s","ORG","4.6 V","4.6 V","0.3687","","short_period"
"UV Cam","04h 05m 53.9s","+61d 47m 40.0s","SRB","7.7 V","7.5 V","294","","long_period"
"UX Aur","05h 15m 57.9s","+49d 32m 47.3s","SRC","9.2 V","8.4 V","90","","type_src"
"UX Dra","19h 21m 35.5s","+76d 33m 34.5s","SRB","7.1 V","5.9 V","175","","long_period"
"UY Cam","07h 58m 58.9s","+72d 47m 15.4s","RRC","11.7 V","11.3 V","0.26704234","","type_rr"
"UY UMi","12h 15m 20.3s","+87d 42m 0.4s","GDOR:","6.4 V","6.3 V","0.72369","","short_period"
"V UMi","13h 38m 41.1s","+74d 18m 36.3s","SRB","8.7 V","7.1 V","73","","mid_period"
"V0336 Vul","19h 34m 41.9s","+23d 53m 22.4s","SRC","9.2 V","7.6 V","131.6","","type_src"
"V0337 Cep","21h 37m 55.2s","+62d 04m 55.0s","ACYG","4.8 V","4.7 V","11","","mid_period"
"V0341 Dra","15h 52m 57.7s","+68d 43m 29.9s","EA","10.4 V","10.1 V","1.65042","","type_ea"
"V0354 Per","02h 15m 45.9s","+55d 59m 46.7s","BCEP","8.0 V","8.0 V","0.45039","","type_cep"
"V0357 Per","02h 16m 57.6s","+56d 43m 7.7s","BCEP:","7.5 V","7.4 V","0.28619","","type_cep"
"V0363 Dra","17h 13m 20.0s","+69d 07m 54.2s","RRD","12.9 V","12.3 V","0.403188","","type_rr"
"V0379 Cep","20h 43m 13.7s","+57d 06m 50.4s","EA","6.4 V","6.3 V","99.7638","","type_ea"
"V0381 Cep","21h 19m 15.7s","+58d 37m 24.6s","SRC","5.8 V","5.5 V","","","type_lc"
"V0388 And","23h 27m 7.4s","+42d 54m 43.2s","ACV","5.8 V","5.7 V","1.47946","","type_cv"
"V0388 Cep","23h 15m 37.7s","+70d 53m 17.1s","DSCT","5.6 V","5.6 V","0.277486","","short_period"
"V0393 Cas","02h 02m 39.6s","+71d 17m 52.4s","SRA","7.9 V","7.2 V","393","","long_period"
"V0410 Cep","07h 09m 39.5s","+85d 34m 12.0s","LB:","8.2 V","8.1 V","","","type_lc"
"V0411 Cep","08h 23m 23.4s","+86d 22m 43.2s","LB","8.4 V","8.3 V","","","type_lc"
"V0412 Lac","22h 29m 31.8s","+47d 42m 24.9s","LC","4.4 V","4.2 V","","","type_lc"
"V0424 Lac","22h 56m 26.0s","+49d 44m 0.8s","LC","5.0 V","4.9 V","","","type_lc"
"V0426 Cep","21h 27m 25.3s","+59d 45m 0.3s","LB","6.3 V","6.1 V","","","type_lc"
"V0426 Sge","19h 54m 43.0s","+17d 22m 12.8s","ZAND+NC:","13.2 V","10.7 V","493.4","","type_na"
"V0428 And","00h 36m 46.4s","+44d 29m 18.9s","SR","5.2 V","5.1 V","","","type_m"
"V0430 Aur","05h 34m 17.0s","+41d 07m 24.3s","SRC","7.0 V","6.9 V","410","","type_src"
"V0431 Cep","21h 35m 25.9s","+68d 13m 9.4s","ACV","6.5 V","6.4 V","8.34","","type_cv"
"V0436 Per","01h 51m 59.3s","+55d 08m 50.6s","EA/D","5.8 V","5.5 V","25.9359","","type_ea"
"V0440 Per","02h 23m 51.7s","+55d 21m 53.5s","DCEP","6.3 V","6.2 V","7.57","","type_cep"
"V0444 Cep","22h 06m 13.6s","+56d 20m 36.2s","ELL:","6.4 V","6.3 V","1.43246","","type_ea"
"V0445 Cep","22h 07m 10.9s","+72d 22m 22.3s","ELL:","6.9 V","6.9 V","0.224388","","type_ea"
"V0446 Cas","00h 36m 12.5s","+62d 41m 11.2s","SR","8.3 V","8.0 V","37.28074","","type_m"
"V0447 Dra","20h 32m 33.5s","+82d 15m 21.5s","RRC","12.1 V","11.8 V","0.32827","","type_rr"
"V0450 Dra","11h 11m 28.9s","+73d 06m 55.0s","EW","8.9 V","8.5 V","0.439402","","type_ea"
"V0465 Cas","01h 18m 13.9s","+57d 48m 11.4s","SRB","7.2 V","6.0 V","896","","long_period"
"V0474 Per","02h 22m 21.4s","+55d 50m 44.4s","ACYG","5.2 V","5.2 V","0.9795","","short_period"
"V0491 Cam","07h 52m 45.1s","+81d 19m 51.7s","RRC","12.0 V","11.9 V","0.39275","","type_rr"
"V0507 Dra","17h 14m 53.0s","+67d 42m 9.6s","SR","11.0 V","10.6 V","28","","type_m"
"V0509 Cas","23h 00m 5.1s","+56d 56m 43.4s","YHG","5.4 V","4.8 V","175","","long_period"
"V0525 Dra","17h 54m 28.8s","+68d 49m 0.5s","SR","10.4 V","9.9 V","58","","type_m"
"V0540 Cas","02h 03m 30.5s","+69d 34m 56.3s","ACV","7.8 V","7.7 V","34.9","","type_cv"
"V0557 Cas","01h 42m 20.5s","+68d 02m 34.9s","ACV","5.6 V","5.5 V","3.1848","","type_cv"
"V0567 Cas","00h 05m 6.2s","+61d 18m 50.3s","ACV","5.8 V","5.7 V","6.4322","","type_cv"
"V0592 Cas","00h 20m 52.2s","+55d 42m 16.2s","NL","12.8 V","12.5 V","0.115063","","type_na"
"V0636 Cas","01h 32m 43.2s","+63d 35m 37.7s","DCEPS","7.3 V","7.1 V","8.377","","type_cep"
"V0641 Cas","00h 09m 26.3s","+63d 57m 14.1s","SRC:","9.2 V","7.8 V","310","","type_src"
"V0650 Cas","23h 48m 39.1s","+64d 52m 35.2s","ACV","6.4 V","6.4 V","1.092","","type_cv"
"V0656 Cas","02h 35m 44.7s","+65d 08m 58.6s","M","10.8 V","8.2 V","644","","type_m"
"V0668 Cas","00h 27m 41.2s","+69d 38m 51.5s","M","5.6 V","4.0 V","650","","long_period"
"V0669 Cas","01h 33m 51.2s","+62d 26m 53.2s","M:","3.0 V","1.6 V","1994","yes","long_period"
"V0676 Cas","02h 31m 3.0s","+62d 45m 17.0s","M","10.4 V","7.4 V","552","","type_m"
"V0695 Cyg","20h 13m 37.9s","+46d 44m 28.8s","EA/GS/D","3.9 V","3.7 V","3784.3","","long_period"
"V0701 Cas","03h 23m 37.3s","+70d 27m 5.1s","M","3.6 V","1.3 V","567","yes","long_period"
"V0743 Cas","00h 20m 43.6s","+61d 52m 46.5s","SRC","6.9 V","6.8 V","500","","type_lc"
"V0747 Cyg","20h 37m 17.7s","+50d 19m 39.2s","NL:","12.5 V","11.7 V","","","type_na"
"V0757 Per","02h 18m 23.0s","+57d 00m 36.7s","BCEP","7.8 V","7.7 V","0.164309","","type_cep"
"V0762 Cas","01h 16m 11.9s","+71d 44m 37.8s","LC","6.0 V","5.8 V","","","type_lc"
"V0774 Cas","01h 47m 0.0s","+60d 22m 20.4s","SRC","8.9 V","8.4 V","275","","type_src"
"V0778 Cas","01h 58m 28.9s","+59d 16m 8.8s","SRC","8.5 V","8.2 V","200","","type_src"
"V0779 Cas","02h 02m 9.3s","+75d 30m 7.8s","EA","7.1 V","6.6 V","6.35344","","type_ea"
"V0798 Cas","03h 00m 53.8s","+59d 39m 57.5s","ACV","7.4 V","7.3 V","0.666832","","type_cv"
"V0819 Cyg","19h 53m 1.3s","+47d 48m 27.8s","BCEP:","6.3 V","6.3 V","0.3775","","type_cep"
"V0832 Cyg","20h 59m 49.6s","+47d 31m 15.4s","GCAS+R","5.1 V","4.5 V","28.1971","","mid_period"
"V0861 Cas","00h 36m 36.7s","+68d 01m 20.0s","M","10.8 V","7.5 V","210","","type_m"
"V0965 Her","17h 43m 1.3s","+29d 39m 10.5s","SRC:","7.2 V","7.0 V","29.52","","type_src"
"V1057 Cas","00h 51m 53.0s","+65d 10m 50.1s","RRC","10.5 V","10.3 V","0.423323","","type_rr"
"V1059 Cas","00h 54m 35.9s","+74d 31m 41.4s","RRAB:","10.7 V","10.5 V","0.64968","","type_rr"
"V1084 Her","16h 43m 45.7s","+34d 02m 39.6s","NL","12.8 V","12.5 V","0.12056","","type_na"
"V1128 Cas","01h 33m 33.2s","+61d 33m 29.7s","SRC","8.9 V","8.4 V","92.6","","type_src"
"V1137 Aql","19h 33m 1.7s","+13d 44m 42.0s","SRC","12.8 V","12.1 V","236","","type_src"
"V1143 Cyg","19h 38m 41.2s","+54d 58m 25.6s","EA/DM","6.4 V","5.8 V","7.640753","","type_ea"
"V1334 Cyg","21h 19m 22.2s","+38d 14m 14.9s","DCEPS","6.0 V","5.8 V","3.332816","","type_cep"
"V1351 Cyg","19h 42m 4.2s","+55d 27m 47.6s","LB","6.5 V","6.3 V","","","type_lc"
"V1372 Cyg","20h 13m 36.3s","+53d 39m 33.5s","ACV","7.4 V","7.3 V","18.2","","type_cv"
"V1378 Aql","19h 16m 35.3s","+03d 43m 19.3s","N","12.7 V","10.0 V","","","type_na"
"V1488 Cyg","20h 15m 28.3s","+47d 42m 51.1s","EA/GS/D","4.1 V","3.9 V","1147.4","","long_period"
"V1809 Cyg","21h 18m 27.2s","+43d 56m 45.4s","ELL","5.1 V","5.0 V","","","type_ea"
"V1921 Cyg","19h 51m 42.1s","+44d 21m 45.9s","SRC:","13.1 V","11.8 V","215.481386","","type_src"
"V1931 Cyg","21h 01m 10.9s","+46d 09m 20.8s","LERI","5.5 V","5.3 V","0.29992","","short_period"
"V1942 Cyg","22h 02m 56.7s","+44d 38m 59.5s","ACV","5.6 V","5.6 V","2.388","","type_cv"
"V2015 Cyg","20h 33m 54.8s","+46d 41m 37.9s","ACV","5.8 V","5.8 V","1.006","","type_cv"
"V2101 Cyg","19h 59m 53.8s","+52d 08m 59.4s","LB","7.7 V","6.7 V","","","type_lc"
"V2429 Cyg","20h 43m 40.6s","+44d 28m 37.6s","SRC:","13.7 V","10.4 V","503","","type_src"
"VSSP J045026.49+370944.7","04h 50m 26.5s","+37d 09m 44.7s","NL:","13.4 V","13.2 V","","","type_na"
"VSSP J211939.14+302508.3","21h 19m 39.1s","+30d 25m 8.3s","NL:","12.4 V","12.0 V","","","type_na"
"VSSP J213235.66-005139.7","21h 32m 35.7s","-00d 51m 39.7s","NL:","12.4 V","12.3 V","","","type_na"
"VV Cep","21h 56m 39.1s","+63d 37m 32.0s","EA/GS+SRC","5.5 V","4.7 V","7460","","long_period"
"VW Cep","20h 37m 21.5s","+75d 36m 1.5s","EW/KW","7.7 V","7.3 V","0.2783089","","type_ea"
"VW UMa","10h 59m 1.8s","+69d 59m 20.6s","SRB","7.7 V","6.7 V","66","","mid_period"
"VX And","00h 19m 54.0s","+44d 42m 33.9s","SRA","9.7 V","7.5 V","375","","type_m"
"VX UMi","17h 01m 40.1s","+75d 17m 51.0s","GDOR","6.5 V","6.5 V","0.34511","","short_period"
"VY UMa","10h 45m 4.0s","+67d 24m 41.0s","SRB","6.3 V","5.7 V","120.4","yes","famous|long_period"
"VZ Cam","07h 31m 4.5s","+82d 24m 41.3s","SRS","5.0 V","4.8 V","23.7","","mid_period"
"W Cep","22h 36m 27.6s","+58d 25m 33.9s","SRC","8.5 V","7.0 V","350","","type_src"
"WISE J001822.6+553150","00h 18m 22.7s","+55d 31m 50.0s","RRC","9.0 V","8.8 V","0.3465941","","type_rr"
"WISE J003513.3+825030","00h 35m 13.3s","+82d 50m 30.6s","DCEP","8.9 V","8.7 V","6.0744316","","type_cep"
"WISE J030453.7+510731","03h 04m 53.8s","+51d 07m 31.7s","RRC","11.4 V","11.1 V","0.387721","","type_rr"
"WISE J054026.0+662835","05h 40m 26.0s","+66d 28m 35.6s","CEP","10.0 V","9.9 V","2.5337274","","type_cep"
"WISE J060059.5+874514","06h 00m 59.6s","+87d 45m 15.0s","RRC","13.1 V","12.9 V","0.3624698","","type_rr"
"WISE J074958.7+873228","07h 49m 58.7s","+87d 32m 28.7s","CEP","12.3 V","12.1 V","5.9055961","","type_cep"
"WISE J104513.5+672238","10h 45m 13.5s","+67d 22m 39.0s","CEP","13.8 V","13.0 V","2.3749837","","type_cep"
"WISE J114356.8+815542","11h 43m 56.9s","+81d 55m 42.5s","RRC","11.9 V","11.7 V","0.3436347","","type_rr"
"WISE J125656.5+752821","12h 56m 56.5s","+75d 28m 21.5s","EB","8.6 V","8.3 V","1.6809747","","type_ea"
"WISE J130957.8+753517","13h 09m 57.9s","+75d 35m 17.5s","EA","8.3 V","8.1 V","1.5653591","","type_ea"
"WISE J133953.4+640251","13h 39m 53.5s","+64d 02m 51.2s","CEP","11.5 V","11.3 V","7.9083839","","type_cep"
"WISE J165327.0+562847","16h 53m 27.1s","+56d 28m 47.3s","DCEP","9.3 V","9.2 V","13.2162491","","type_cep"
"WISE J174301.8+660642","17h 43m 1.8s","+66d 06m 42.0s","EW","8.2 V","8.1 V","0.3640585","","type_ea"
"WISE J175104.5+635405","17h 51m 4.6s","+63d 54m 5.3s","ACEP|CEP","11.3 V","11.2 V","1.5389048","","type_cep"
"WISE J175540.6+524741","17h 55m 40.7s","+52d 47m 41.1s","DCEP","10.8 V","10.7 V","6.0504054","","type_cep"
"WISE J175725.1+713144","17h 57m 25.1s","+71d 31m 44.8s","CEP","9.4 V","9.4 V","8.7398119","","type_cep"
"WISE J180841.6+673559","18h 08m 41.6s","+67d 35m 59.3s","CEP","9.7 V","9.6 V","7.6621334","","type_cep"
"WISE J184837.2+615212","18h 48m 37.3s","+61d 52m 12.0s","EW","9.3 V","9.2 V","0.299534","","type_ea"
"WISE J185000.4+643033","18h 50m 0.5s","+64d 30m 33.7s","RRAB","9.1 V","9.0 V","0.7620937","","type_rr"
"WISE J195347.1+522636","19h 53m 47.2s","+52d 26m 37.0s","CEP","9.2 V","9.1 V","2.3471093","","type_cep"
"WISE J195428.2+610423","19h 54m 28.3s","+61d 04m 23.2s","DCEP","10.0 V","9.9 V","3.335266","","type_cep"
"WISE J200322.3+680821","20h 03m 22.4s","+68d 08m 21.4s","RRC","11.0 V","10.9 V","0.3333862","","type_rr"
"WISE J203834.3+694648","20h 38m 34.3s","+69d 46m 48.6s","CEP","8.6 V","8.4 V","4.8902382","","type_cep"
"WISE J203839.2+631540","20h 38m 39.2s","+63d 15m 40.2s","RRC","10.5 V","10.3 V","0.4041466","","type_rr"
"WISE J204754.7+704334","20h 47m 54.7s","+70d 43m 34.6s","RRAB","10.2 V","10.1 V","0.5521955","","type_rr"
"WISE J220535.3+484327","22h 05m 35.3s","+48d 43m 27.7s","RRAB","9.9 V","9.8 V","0.7471284","","type_rr"
"WISE J230703.9+414254","23h 07m 4.0s","+41d 42m 54.7s","RRC","8.7 V","8.6 V","0.3468641","","type_rr"
"WISE J232906.6+622953","23h 29m 6.6s","+62d 29m 53.1s","RRAB","9.9 V","9.7 V","0.4601201","","type_rr"
"WW Vul","19h 25m 58.7s","+21d 12m 31.3s","UXOR","12.9 V","10.3 V","","yes","famous"
"XX Per","02h 03m 9.4s","+55d 13m 56.6s","SRC","9.0 V","7.6 V","415","","type_src"
"XY Lyr","18h 38m 6.5s","+39d 40m 6.0s","SRC","6.6 V","5.6 V","120","","type_src"
"XY UMi","14h 17m 55.7s","+71d 41m 7.4s","RRAB","13.8 V","12.9 V","0.65252","","type_rr"
"XZ Cyg","19h 32m 29.3s","+56d 23m 17.5s","RRAB/BL","10.2 V","8.8 V","0.4665957","","type_rr"
"XZ Dra","19h 09m 42.6s","+64d 51m 32.1s","RRAB/BL","10.7 V","9.6 V","0.476497","","type_rr"
"XZ UMi","14h 39m 51.6s","+74d 45m 2.1s","RRAB/BL","12.5 V","12.0 V","0.58521","","type_rr"
"Y Lyn","07h 28m 11.6s","+45d 59m 26.2s","SRC","8.3 V","6.6 V","110","","type_src"
"YY UMi","15h 32m 2.5s","+71d 27m 14.8s","RRAB","13.5 V","12.9 V","0.56962","","type_rr"
"YZ Cas","00h 45m 39.1s","+74d 59m 17.1s","EA/DM","6.1 V","5.6 V","4.467222","","type_ea"
"YZ Per","02h 38m 25.4s","+57d 02m 46.2s","SRC","8.7 V","7.7 V","378","","type_src"
"Z Lac","22h 40m 52.1s","+56d 49m 46.1s","DCEP","8.9 V","7.9 V","10.8859","","type_cep"
"ZALD 29","15h 01m 57.0s","+75d 24m 16.0s","SR","10.8 V","10.2 V","50.8","","type_m"
"zet And","00h 47m 20.3s","+24d 16m 1.8s","ELL/RS","4.1 V","3.9 V","17.769586","","type_ea"
"zet Cep","22h 10m 51.3s","+58d 12m 4.5s","LC","3.4 V","3.3 V","","yes","type_lc"
"zet Dra","17h 08m 47.2s","+65d 42m 52.7s","ACV:","3.2 V","3.2 V","2.8069","yes","mid_period"
"zet UMi","15h 44m 3.5s","+77d 47m 40.2s","EA+GDOR","4.3 V","4.3 V","231.2642","yes","long_period"
# as_of=2026-09-05T16:52:55.828Z
# stats=vsx:1052122 candidates:510181 observable:411242 selected:514
